29,2271675136,1472,-2176,16428,25,-52,-192,2816,9472,4864,10043,-15188,-27678,1024,1024,1024,
29,2674328320,1528,-2136,16420,47,-42,-193,2048,9728,5632,27031,2664,28370,1024,1024,1024,
29,3076981504,1420,-2164,16608,-17,-16,-192,768,9472,3840,27147,-19135,-12737,1024,1024,1024,
29,3479634688,1440,-2176,16304,47,-11,-183,512,10240,3072,-18360,-29324,-10280,1024,1024,1024,
29,3899065088,1404,-2264,16452,28,-63,-144,512,10752,4096,18005,-16389,-27963,1024,1024,1024,
29,23593728,1464,-2176,16496,15,-109,-146,1280,9984,5376,-6208,-28330,-18747,1024,1024,1024,
29,426246912,1320,-2180,16444,41,-73,-181,512,9216,4608,26932,-26970,-1880,1024,1024,1024,
29,845677312,1372,-2232,16544,14,-38,-201,1280,10496,4352,3715,26439,15957,1024,1024,1024,
29,1231553280,1380,-2048,16544,49,-27,-214,256,9472,3840,-31636,27973,9526,1024,1024,1024,
29,1650983680,1436,-2180,16424,52,3,-204,256,10496,4352,11681,28847,18520,1024,1024,1024,
29,2053636864,1424,-2172,16460,34,-3,-213,256,9472,5376,18727,-9905,740,1024,1024,1024,
29,2473067264,1492,-2284,16412,76,-7,-217,1536,9728,4096,29713,-7745,-9089,1024,1024,1024,
29,2892497664,1376,-2288,16320,27,-32,-202,1280,8448,5376,15166,11908,-23923,1024,1024,1024,
29,3278373632,1420,-2116,16472,8,-35,-206,1024,9216,5120,-2796,-27422,-27375,1024,1024,1024,
29,3697804032,1404,-2184,16520,24,-63,-212,1024,9728,4608,-23548,-21470,1082,1024,1024,1024,
29,4100457216,1412,-2176,16196,15,-22,-194,512,9728,5632,-24853,-5627,5956,1024,1024,1024,
29,224985856,1464,-2240,16424,12,-43,-199,1280,9472,4864,-25371,8961,-14348,1024,1024,1024,
29,627639040,1420,-2164,16480,5,-32,-201,512,8192,4096,-31879,290,5605,1024,1024,1024,
29,1030292224,1384,-2152,16528,31,-2,-193,1024,8704,5120,-24058,17463,16125,1024,1024,1024,
29,1449722624,1324,-2136,16572,80,-25,-220,1024,10240,5632,1437,-18091,-24420,1024,1024,1024,
29,1852375808,1328,-2124,16520,22,-26,-209,2304,8448,3840,29957,-2218,-12685,1024,1024,1024,
29,2271806208,1424,-2160,16408,4,-18,-190,512,10240,5120,32458,-8651,6087,1024,1024,1024,
29,2674459392,1380,-2176,16352,18,-6,-200,2048,9216,4608,17548,822,32658,1024,1024,1024,
29,3077112576,1392,-2156,16512,20,-34,-205,256,9472,4864,6573,29450,22666,1024,1024,1024,
29,3479765760,1464,-2140,16448,-2,-32,-193,1536,8704,4608,4078,-28187,-6858,1024,1024,1024,
29,3899196160,1368,-2204,16452,14,-27,-185,1024,9216,5120,24261,-21426,-14770,1024,1024,1024,
29,23724800,1480,-2212,16468,41,8,-174,-257,10240,4608,-11684,14014,-22595,1024,1024,1024,
29,426377984,1364,-2232,16496,51,-18,-208,-1,8960,5376,3851,16473,-14461,1024,1024,1024,
29,845808384,1456,-2148,16528,27,-37,-202,512,10240,3584,4275,2256,-15513,1024,1024,1024,
29,1231684352,1356,-2128,16384,39,-6,-217,1280,10496,3328,20354,-20568,22769,1024,1024,1024,
29,1651114752,1348,-2232,16596,35,-23,-199,1792,8960,4864,-32661,-32062,-21310,1024,1024,1024,
29,2053767936,1228,-2240,16520,18,-38,-197,1280,8960,4864,-25267,12805,10520,1024,1024,1024,
29,2473198336,1492,-2148,16460,24,-14,-200,1024,8704,5632,-27214,25474,-20879,1024,1024,1024,
29,2892628736,1472,-2100,16500,6,-16,-205,512,9216,5120,-24356,-5316,19720,1024,1024,1024,
29,3278504704,1352,-2192,16464,39,-18,-201,-1,8448,5376,419,7290,-13677,1024,1024,1024,
29,3697935104,1476,-2184,16348,48,-23,-192,256,9984,5888,-25882,4767,13786,1024,1024,1024,
29,4100588288,1404,-2184,16496,57,-36,-220,2048,8704,5120,-19764,32694,18963,1024,1024,1024,
29,225116928,1412,-2132,16280,32,-18,-191,1024,10752,4608,-3965,-7292,4055,1024,1024,1024,
29,627770112,1340,-2124,16340,18,-31,-186,256,11008,4864,4905,-22255,-22297,1024,1024,1024,
29,1030423296,1464,-2156,16584,22,-4,-179,512,9728,4608,-5236,24521,17775,1024,1024,1024,
29,1449853696,1352,-2260,16392,16,-27,-200,-1,10496,4864,-16020,-19076,-4187,1024,1024,1024,
29,1852506880,1424,-2156,16348,36,-41,-225,1792,9984,5376,25225,25360,-32261,1024,1024,1024,
29,2271937280,1300,-2228,16452,47,-29,-202,256,9472,4864,6128,-11849,24731,1024,1024,1024,
29,2674590464,1488,-2200,16476,2,-15,-198,512,10240,4096,10476,-7056,-23278,1024,1024,1024,
29,3077243648,1428,-2188,16592,47,-31,-202,256,9472,4864,21089,7854,23140,1024,1024,1024,
29,3479896832,1316,-2152,16296,50,-40,-189,1280,9472,5376,-21162,1195,9644,1024,1024,1024,
29,3899327232,1380,-2084,16360,41,-50,-200,1792,9472,4864,31036,4994,-1950,1024,1024,1024,
29,23855872,1436,-2212,16432,55,-51,-202,1024,10240,4608,-28164,-13267,-12851,1024,1024,1024,
29,426509056,1464,-2124,16404,9,-27,-194,768,9472,5376,-7002,1292,2438,1024,1024,1024,
29,845939456,5484,3412,22060,-2031,-1176,2643,512,10752,5632,30831,-28162,-12334,1024,1024,1024,
29,1231815424,3836,7244,20720,-755,-2136,12424,1536,9728,3584,3935,20883,-9440,1024,1024,1024,
29,1651245824,-1644,2212,17620,1113,-1285,19359,1024,10752,5632,18017,-13548,-22262,1024,1024,1024,
29,2053899008,1916,-3348,16088,764,-830,7998,1792,9984,5376,29979,4590,18529,1024,1024,1024,
29,2473329408,-3156,-9404,16684,2373,-5203,7912,2304,11008,5376,3389,18832,-13971,1024,1024,1024,
29,2892759808,-996,356,18572,433,-918,7000,0,11264,4608,15605,11856,18749,1024,1024,1024,
29,3278635776,-372,-1656,15752,-253,-378,6505,512,11264,4608,-748,-8855,-12819,1024,1024,1024,
29,3698066176,-360,-5992,16968,-1551,1055,-9354,0,11264,4096,12416,-8991,-4891,1024,1024,1024,
29,4100719360,2052,-4400,20428,-8658,-1348,-15688,2048,11264,4608,19064,-14176,12026,1024,1024,1024,
29,225248000,3196,-2720,16156,-20102,-5437,-1885,4352,9472,2816,27734,-13855,28520,1024,1024,1024,
29,627901184,3312,-4688,14560,-17472,-6166,-1422,5120,9728,1024,-8447,24215,-8584,1024,1024,1024,
29,1030554368,2048,-5052,15388,-14298,-4978,-4548,7168,7680,1536,18796,1859,30683,1024,1024,1024,
29,1449984768,2920,-6840,14240,-9504,-1783,-7848,5888,8448,-1,-28609,-21951,-19469,1024,1024,1024,
29,1852637952,3376,-5568,15508,-9141,-571,-6616,7424,6400,-513,12989,25804,18900,1024,1024,1024,
29,2272068352,3208,-5784,16868,-13763,-4045,-5270,6400,8448,-1025,-14307,1395,28050,1024,1024,1024,
29,2674721536,2544,-7812,15168,-13738,-2688,-6661,8192,4608,-2817,-11486,-29365,-15989,1024,1024,1024,
29,3094151936,13296,-13492,968,-14951,146,-3381,8448,5888,-2049,-22061,-6165,-28442,1024,1024,1024,
29,3480027904,1052,-5200,17964,-17002,-9396,-4677,11008,5376,-4097,-28991,16211,10250,1024,1024,1024,
29,3899458304,3052,-9008,12752,-29574,-633,-8998,12288,4096,-5889,22549,3589,5965,1024,1024,1024,
29,23986944,7020,-7148,12168,-32768,-5665,-1884,13312,5632,-9985,-32449,-4880,13271,1024,1024,1024,
29,426640128,3832,-14212,10616,-32768,-13740,3604,12544,4352,-12289,-24292,16613,-17136,1024,1024,1024,
29,846070528,4728,-18740,7468,-503,-15686,947,14592,1792,-12801,1316,-17925,-23301,1024,1024,1024,
29,1231946496,8836,-12648,9900,5011,4533,2020,13824,4096,-12033,1035,7497,-5805,1024,1024,1024,
29,1651376896,10204,-16788,10128,17810,31191,4935,12032,4864,-8705,-7291,-10223,29251,1024,1024,1024,
29,2054030080,9896,-17872,7896,15662,30874,12384,13056,7936,-6657,23230,-15224,-5726,1024,1024,1024,
29,2473460480,7732,-13484,12960,17459,32767,9815,12544,10496,-4097,15948,13508,32057,1024,1024,1024,
29,2892890880,1452,-11628,11960,26014,21513,20128,11776,13824,-2305,308,9677,-3732,1024,1024,1024,
29,3278766848,2092,-11092,12856,29032,26948,16217,9216,16896,512,-27035,-7014,26267,1024,1024,1024,
29,3698197248,-384,-6672,12988,32767,32767,16393,6144,21504,1536,-27236,19955,-15756,1024,1024,1024,
29,4100850432,-5112,-3644,12688,32767,32767,18755,1280,25856,1280,-6023,5721,-3209,1024,1024,1024,
29,225379072,-8468,1488,7712,32767,32767,20359,-3329,-31744,1536,18381,10878,32150,1024,1024,1024,
29,628032256,-7068,788,12596,32767,32767,18941,-6145,-27904,1280,-13851,-30115,32279,1024,1024,1024,
29,1030685440,-11156,3528,7072,14884,32767,7872,-7425,-25600,-1793,23890,-5120,-23654,1024,1024,1024,
29,1450115840,-16704,5312,2364,5600,17541,2611,-8705,-25344,-2049,24110,27176,16475,1024,1024,1024,
29,1852769024,-15376,5240,4480,3487,5951,-48,-7937,-22016,-2305,20900,7156,-9545,1024,1024,1024,
29,2272199424,-14792,3892,7292,5688,8848,2299,-8961,-22528,-2817,-16383,7592,-14427,1024,1024,1024,
29,2674852608,-14576,3512,4164,5108,8316,1452,-11009,-22528,-4353,14476,-24093,-6342,1024,1024,1024,
29,3077505792,-14464,3372,3052,1121,-928,326,-8961,-24064,-4353,15716,13528,3842,1024,1024,1024,
29,3480158976,-14324,3520,5056,-4254,-10353,-1256,-8961,-23040,-2817,32040,4749,10976,1024,1024,1024,
29,3899589376,-13332,2392,7196,339,-19117,207,-9473,-25088,-1281,2424,22594,9901,1024,1024,1024,
29,24118016,-15292,2456,10620,-590,-4825,-1528,-11009,-25088,-769,28469,18176,9046,1024,1024,1024,
29,426771200,-12832,2228,10652,3164,-7578,3128,-10241,-24832,768,7800,-24427,-20265,1024,1024,1024,
29,846201600,-11656,3088,7760,-1567,-11342,708,-9473,-26624,-257,-28101,31828,-13870,1024,1024,1024,
29,1232077568,-12380,2768,8848,-6678,-11428,-1340,-8193,-28416,768,6384,-1628,14502,1024,1024,1024,
29,1651507968,-12272,2648,10200,-5130,-14657,823,-8705,-27392,768,-9455,27079,-11408,1024,1024,1024,
29,2054161152,-12444,2956,10704,-8768,-11974,-1959,-7425,-29184,3072,31588,-16683,-22131,1024,1024,1024,
29,2473591552,-13532,2808,11372,-2184,-12385,-2694,-6913,-29184,3072,29864,-27166,19914,1024,1024,1024,
29,2893021952,-12068,2192,10840,2704,-10406,-841,-6913,-31744,3584,19491,-8960,-9170,1024,1024,1024,
29,3278897920,-9780,2028,11220,3318,-11497,-549,-8193,-32512,4352,-31299,21506,9079,1024,1024,1024,
29,3698328320,-9324,1184,13192,-4142,-14021,-1132,-6913,30720,4096,-31204,-23828,20548,1024,1024,1024,
29,4100981504,-8320,1588,13504,-12508,-17474,-1945,-5889,30208,5632,29601,7545,-20574,1024,1024,1024,
29,225510144,-8732,1492,13844,-12805,-17267,-7634,-3841,28672,6656,-8172,28900,18551,1024,1024,1024,
29,628163328,-8748,1372,14972,-7525,-13886,-6555,-3073,26880,5376,-14877,-6800,-13049,1024,1024,1024,
29,1030816512,-7248,-916,16248,-6773,-11617,-3617,-1537,24832,5888,9095,-22951,16627,1024,1024,1024,
29,1450246912,-5980,-792,14668,-9832,-6697,-4639,-1025,25344,5888,22919,-2436,31353,1024,1024,1024,
29,1852900096,-5904,-836,14568,-8382,-4693,-5598,512,24576,4608,30523,-29867,3793,1024,1024,1024,
29,2272330496,-6156,-2164,15544,-3128,-4769,-5826,-257,23040,5632,31423,27043,-29133,1024,1024,1024,
29,2674983680,-5248,-2788,16820,-2339,-3370,-3861,-513,23808,5888,19764,-14824,872,1024,1024,1024,
29,3094414080,-4396,-3108,16604,-5276,-2589,-3782,512,22528,5120,24400,20738,-20989,1024,1024,1024,
29,3480290048,-4728,-2172,13272,-7742,-850,-5465,1536,22528,4608,-10550,4075,-19503,1024,1024,1024,
29,3899720448,-5584,-2680,13872,-11293,951,-5756,1024,22528,5120,-1059,4265,31138,1024,1024,1024,
29,24249088,-6220,-4232,15336,-8100,-3135,-7405,3072,20992,3584,-13861,-3435,-20022,1024,1024,1024,
29,426902272,-5464,-4648,17036,-4200,-4372,-5699,2816,19712,4352,-4438,-882,-31366,1024,1024,1024,
29,846332672,-4972,-4792,16140,-4620,-3597,-4672,4864,19200,3328,-23457,27244,-21395,1024,1024,1024,
29,1232208640,-4832,-4476,14124,-3757,-3885,-4432,3584,18944,3072,-18257,-31717,10310,1024,1024,1024,
29,1651639040,-4360,-4596,14012,-1550,-4928,-4973,4608,19456,2560,-12622,14370,29701,1024,1024,1024,
29,2054292224,-4380,-5108,15852,591,-3632,-3402,5888,18176,5376,-16545,8786,28469,1024,1024,1024,
29,2473722624,-4596,-5260,16548,2022,42,-216,3584,19456,3584,-12355,-23410,3816,1024,1024,1024,
29,2893153024,-4100,-5476,16400,1690,1528,1582,3328,18176,3840,-10365,-29102,-17481,1024,1024,1024,
29,3279028992,-3844,-4588,14668,1402,2109,1018,4352,16640,3328,6566,9078,21610,1024,1024,1024,
29,3698459392,-4416,-4600,14056,3679,596,1460,3072,19456,4608,-17289,-13740,728,1024,1024,1024,
29,4101112576,-4472,-4324,14360,6089,572,1799,2560,18432,4608,27663,-28814,-27870,1024,1024,1024,
29,225641216,-5800,-3276,13860,10400,3273,3897,256,19200,5376,-17152,24485,1297,1024,1024,1024,
29,628294400,-7064,168,13508,18607,4624,11891,-513,21248,5376,18200,15468,-30391,1024,1024,1024,
29,1030947584,-6772,-732,11960,31853,3833,18339,-3585,21760,7424,12603,19545,14780,1024,1024,1024,
29,1450377984,-6156,676,11092,32767,5308,13215,-8705,23808,6912,-25178,3146,32163,1024,1024,1024,
29,1853031168,-4484,2772,17804,32767,66,6808,-13313,22272,9472,14620,4636,9350,1024,1024,1024,
29,2272461568,-2552,8660,32767,24140,-16578,-1743,-16129,22528,8192,7468,-8551,-21603,1024,1024,1024,
29,2675114752,-3836,6848,16488,20680,12225,2827,-16897,24320,8448,-7454,-26208,-8243,1024,1024,1024,
29,3094545152,-11120,4776,11504,22043,7571,4756,-20225,23040,7168,13133,16423,-28719,1024,1024,1024,
29,3480421120,-8540,8656,13780,31083,-4449,5155,-23553,23808,9472,1730,22495,17627,1024,1024,1024,
29,3899851520,-3540,12940,11752,23679,-8722,264,-25345,21504,6144,17182,-25568,5684,1024,1024,1024,
29,24380160,-5928,8256,12972,7693,-10684,-2495,-25857,21504,5632,-2968,31801,-12939,1024,1024,1024,
29,427033344,-4800,9104,11544,7785,-8390,-1167,-25601,18688,4864,-4712,-12505,-18428,1024,1024,1024,
29,846463744,-4900,10712,12264,11826,-10307,-214,-28417,19456,5632,12078,13752,30549,1024,1024,1024,
29,1232339712,-2124,12080,9332,13161,-4335,-4374,-30209,19712,4352,-18890,-22864,3592,1024,1024,1024,
29,1651770112,-4836,11496,9948,16902,468,-2341,-31233,19200,4352,22517,-9848,-29864,1024,1024,1024,
29,2054423296,2768,8268,10240,17862,8257,-2387,-32001,18944,2048,23105,-19991,-11701,1024,1024,1024,
29,2473853696,-3688,13404,9992,16868,11793,4147,31999,19968,1536,28259,29759,11182,1024,1024,1024,
29,2893284096,-9548,17512,6908,534,2993,-4477,31487,22016,1024,24680,7655,-6934,1024,1024,1024,
29,3279160064,-5560,12676,9012,-5312,-4819,1434,32767,20736,2304,-2511,-15960,5320,1024,1024,1024,
29,3698590464,-2312,10720,10052,521,-2157,-1695,32255,22784,2304,6074,-6464,396,1024,1024,1024,
29,4101243648,-4900,14392,8316,681,2865,-566,31999,20992,0,13308,-24523,7452,1024,1024,1024,
29,225772288,-4828,11388,8848,3741,1869,928,32255,22784,1792,22036,1719,-26548,1024,1024,1024,
29,628425472,-5772,14320,7908,4337,1256,1542,31231,20736,1280,15455,-16947,456,1024,1024,1024,
29,1031078656,-3708,12796,7396,4245,3204,1298,30207,20736,768,-25334,-29978,2561,1024,1024,1024,
29,1450509056,-2868,12164,8116,7310,8387,2552,29439,23040,-1793,28497,30546,-5830,1024,1024,1024,
29,1853162240,-3104,12896,7640,13082,10110,1354,29439,22528,-1281,-31456,4869,22845,1024,1024,1024,
29,2272592640,-4696,14372,6280,14526,9342,2347,26879,24064,-2305,-4347,-11144,-18489,1024,1024,1024,
29,2675245824,-6532,15228,4304,13270,10423,-1860,27391,23552,-3329,3000,405,67,1024,1024,1024,
29,3094676224,-6700,16148,5600,9173,4406,-625,27391,24064,-2817,-9401,11901,20449,1024,1024,1024,
29,3480552192,-5336,9220,4288,8908,531,-2604,26367,24064,-5377,-29872,15356,21948,1024,1024,1024,
29,3899982592,-5104,16524,872,19268,11288,-1239,25343,26624,-6913,-2426,-1327,22115,1024,1024,1024,
29,24511232,-12976,23904,4876,8652,4781,-4247,25343,26624,-6913,-14939,1048,-861,1024,1024,1024,
29,427164416,-3548,15684,2156,-1061,-2739,911,24575,26880,-6657,-4884,10219,110,1024,1024,1024,
29,846594816,-5716,13748,3964,884,-1853,-1086,24831,24576,-6913,29032,10940,18795,1024,1024,1024,
29,1232470784,-5896,15596,4012,2393,-391,-1057,24319,24064,-5889,22754,12926,12403,1024,1024,1024,
29,1651901184,-4200,16480,-44,595,-585,274,25087,25856,-6145,-28762,-1750,-10457,1024,1024,1024,
29,2054554368,-4748,13676,912,-1203,194,1275,24063,25856,-7681,28081,-15246,17572,1024,1024,1024,
29,2473984768,-8352,16144,-548,1028,1303,-632,25343,26112,-7425,-18515,-12211,8799,1024,1024,1024,
29,2893415168,-4112,14652,2324,-251,138,-364,23551,26368,-8193,-14315,-125,-22271,1024,1024,1024,
29,3279291136,-5600,15200,2576,-289,-426,18,25599,24832,-7169,11187,8889,-8922,1024,1024,1024,
29,3698721536,-5796,15032,2328,108,132,-358,23807,25600,-6401,8755,27899,5733,1024,1024,1024,
29,4101374720,-4528,15988,1816,493,413,207,24575,24832,-8193,31680,16658,-17950,1024,1024,1024,
29,225903360,-5772,14680,1972,-2172,3959,-416,25087,25856,-6657,18182,7774,24380,1024,1024,1024,
29,628556544,-5868,15052,2200,38,-494,210,24319,25600,-7937,-21999,25782,-18953,1024,1024,1024,
29,1047986944,-5736,15172,2216,422,709,-801,26111,24320,-6657,4919,10835,25239,1024,1024,1024,
29,1450640128,-5020,14844,2196,41,-60,-202,25343,27136,-6913,28152,-2884,-27066,1024,1024,1024,
29,1853293312,-4956,15396,2480,-1549,4228,-318,24319,26112,-6913,-10305,-4285,-12020,1024,965,1024,
29,2272723712,-4272,9292,1196,1843,7761,-1959,23551,26880,-7169,5952,-27523,10525,1024,741,1024,
29,2675376896,-7980,15756,1056,1350,-856,-633,25343,27136,-7425,-4948,12122,31358,1024,705,1024,
29,3094807296,-6524,15584,2632,-3900,6396,1005,24831,25600,-8449,9908,-21075,21575,1024,694,1024,
29,3480683264,-6688,14644,2860,-1386,5106,223,24575,27392,-7169,-10550,4443,9603,1024,766,1024,
29,3900113664,-6032,15576,1204,-1576,4878,301,24319,26112,-5889,-32213,24633,132,1024,1024,1024,
29,24642304,-5520,15736,-1204,-2521,4543,-251,25343,27136,-6913,78,-17982,7822,1024,1024,1024,
29,427295488,-7756,14032,1876,-3148,2710,2049,25343,28160,-5377,-21817,6294,24633,1024,1024,1024,
29,846725888,-7352,16556,-276,126,-1778,2,26111,27904,-7681,5441,-29567,-242,1024,1024,1024,
29,1232601856,-5864,15452,2128,-413,521,-559,24831,27648,-6401,-25764,-10435,-29977,1024,1024,1024,
29,1652032256,-5716,14932,2376,44,233,-424,24319,27136,-5889,-10833,767,-3543,1024,1024,1024,
29,2054685440,-5600,14936,2420,41,96,-278,24831,26624,-6913,162,-17244,-11820,1024,1024,1024,
29,2474115840,-5536,15040,2276,101,35,-250,25087,27904,-5633,-8855,12492,25761,1024,1024,1024,
29,2893546240,-5432,14852,2316,17,-7,-213,24319,27648,-6401,-8347,4571,27577,1024,1024,1024,
29,3279422208,-5636,15136,2268,32,4,-205,25599,27392,-6657,3607,16310,5763,1024,1024,1024,
29,3698852608,-5624,15120,2272,95,-23,-194,24575,27392,-7169,-21139,24239,-31594,1024,1024,1024,
29,4101505792,-5524,14832,2228,70,-16,-209,25087,26368,-6657,6179,19321,11630,1024,1024,1024,
29,226034432,-5672,15104,2140,46,-35,-186,23551,27904,-7169,19865,-20527,-6966,1024,1024,1024,
29,628687616,-5556,15076,2264,61,-15,-207,24063,27392,-6657,-16461,6959,-3555,1024,1024,1024,
29,1031340800,-4728,14872,2564,342,-65,-706,24831,26624,-5889,31630,31896,-17088,1024,1024,1024,
29,1450771200,-4892,15008,2412,-472,-129,-182,24575,27392,-6145,-10779,-9584,-10868,1024,1024,1024,
29,1853424384,-5152,14844,2312,-192,-172,-388,25343,26624,-6401,-28420,-27384,23902,1024,1024,1024,
29,2272854784,-5480,15436,2296,27,-217,-49,22783,28160,-6913,32575,-11680,-18184,1024,1024,1024,
29,2675507968,-5560,14984,2372,10,-92,-118,25599,28416,-7681,-19284,-25080,-20602,1024,1024,1024,
29,3094938368,-5612,15076,2476,26,-77,-150,23551,27392,-6657,12162,19105,-12503,1024,1024,1024,
29,3480814336,-5736,15104,2388,82,-42,-188,24319,27648,-6401,-18086,-5970,-21102,1024,1024,1024,
29,3900244736,-15316,11460,9408,-2129,-1611,2990,25855,27648,-6913,-4100,13213,-17501,1024,1024,1024,
29,24773376,-6088,15496,3608,-240,-955,182,24575,27392,-6657,29454,-4123,20333,1024,1024,1024,
29,427426560,-5948,14564,2588,74,-205,3,25599,27392,-6657,-16897,-16127,22264,1024,1024,1024,
29,846856960,-5636,15080,2376,159,-36,-132,26367,27648,-7425,-29954,-20844,5882,1024,1024,1024,
29,1232732928,-5632,15056,2188,97,-54,-210,25343,25600,-6913,-21492,27417,-28726,1024,1024,1024,
29,1652163328,-6008,15808,2136,383,-57,-216,23807,26624,-5889,-18585,23728,-4108,1024,1024,1024,
29,2054816512,-5532,14796,2288,190,163,-319,25087,27904,-7169,10713,-26450,-10903,1024,1024,1024,
29,2474246912,-5504,14980,2208,-47,102,-235,25087,27904,-8193,2648,-13113,-14327,1024,1024,1024,
29,2893677312,-5508,15152,2204,45,-27,-231,25855,27136,-8449,-8425,-29443,21841,1024,1024,1024,
29,3279553280,-5688,15052,2228,63,-66,-205,25855,26112,-6913,-614,-13960,48,1024,1024,1024,
29,3698983680,-5600,15032,2300,35,-16,-236,24319,27648,-6401,-32280,18046,13807,1024,1024,1024,
29,4101636864,-5628,14964,2268,-55,-31,-199,25087,26880,-7169,-27992,24847,-6687,1024,1024,1024,
29,226165504,-5644,15072,2308,52,-12,-220,25855,26624,-7425,19721,-16730,-23973,1024,1024,1024,
29,628818688,-5524,14980,2304,20,-46,-213,24319,27648,-6401,6997,12423,-23968,1024,1024,1024,
29,1031471872,-5708,15020,2352,47,-46,-195,25343,26112,-7425,-10091,18189,-3421,1024,1024,1024,
29,1450902272,-5628,14944,2432,17,-25,-202,25087,28416,-6657,-7611,15743,-26067,1024,1024,1024,
29,1853555456,-5660,14912,2324,39,-53,-205,25087,26880,-6657,-28211,14161,-4389,1024,1024,1024,
29,2272985856,-5636,14908,2168,15,-29,-212,25855,28672,-6401,9617,5606,-7888,1024,1024,1024,
29,2675639040,-5596,14932,2360,9,-31,-198,25087,26368,-8193,-20149,22101,-22589,1024,1024,1024,
29,3078292224,-5740,15192,2360,19,-35,-190,25599,27392,-6657,-32095,-23320,7157,1024,1024,1024,
29,3480945408,-5552,14872,2128,63,-7,-238,24831,27648,-6913,-20011,9475,5955,1024,1024,1024,
29,3900375808,-5608,15092,2208,6,-20,-200,25599,26880,-6657,22691,31007,12894,1024,1024,1024,
29,24904448,-5632,14900,2264,73,-13,-204,24319,27136,-6913,29503,29921,-20090,1024,1024,1024,
29,427557632,-5716,14844,2216,6,-34,-169,23295,26112,-6913,-3904,2800,20692,1024,1024,1024,
29,846988032,-5628,15088,2544,66,-4,-216,25855,27136,-8961,24359,17493,26877,1024,1024,1024,
29,1232864000,-5728,15056,2276,69,-79,-174,25087,27392,-5633,-29806,11847,-32624,1024,1024,1024,
29,1652294400,-5544,14972,2156,59,-20,-189,24575,25856,-6657,-4329,31873,21949,1024,1024,1024,
29,2054947584,-5616,15036,2244,60,-28,-177,25087,27392,-8193,16717,23895,19326,1024,1024,1024,
29,2474377984,-5592,15032,2176,34,-36,-217,25855,27648,-7425,30862,-813,-19623,1024,1024,1024,
29,2893808384,-5516,15028,2300,7,-41,-215,25343,27136,-6913,17805,-4996,-7770,1024,1024,1024,
29,3279684352,-5536,14968,2260,3,-36,-223,24831,26624,-7425,31847,-25233,-2356,1024,1024,1024,
29,3699114752,-5600,14940,2212,2,-5,-204,24575,26368,-6657,30593,2105,-30286,1024,1024,1024,
29,4101767936,-5688,14964,2232,20,-12,-212,25855,27136,-7937,-28741,18465,10475,1024,1024,1024,
29,226296576,-5624,14900,2076,31,5,-210,24319,27648,-7425,9884,-31444,-26400,1024,1024,1024,
29,628949760,-5656,15028,2080,41,0,-214,24319,27136,-6401,-23893,-20387,20680,1024,1024,1024,
29,1031602944,-5656,15016,2220,52,-8,-191,24063,28416,-7169,17591,-28779,-28456,1024,1024,1024,
29,1451033344,-5616,14964,2352,0,-27,-201,25343,27136,-6913,25436,31433,-6526,1024,1024,1024,
29,1853686528,-5640,14996,2172,42,-31,-225,24319,27648,-5889,2487,-3726,7901,1024,1024,1024,
29,2273116928,-5616,15000,2252,46,-17,-199,25343,28672,-8449,95,2514,-5759,1024,1024,1024,
29,2675770112,-5628,15024,2276,46,-26,-192,23551,28416,-6145,16168,-24432,23616,1024,1024,1024,
29,3095200512,-5652,14912,2356,1,-32,-198,25343,26624,-6913,13076,8240,-4251,1024,1024,1024,
29,3481076480,-5492,15012,2172,23,-16,-205,24319,27136,-6913,-4640,-21944,-31923,1024,1024,1024,
29,3900506880,-5556,14996,2400,43,-40,-184,25599,26880,-7169,18663,30053,731,1024,1024,1024,
29,25035520,-5604,14988,2244,-7,-2,-196,24831,26624,-6913,-19867,7701,-19583,1024,1024,1024,
29,427688704,-5600,14932,2396,-3,-23,-221,25343,27136,-7425,31030,-30460,564,1024,1024,1024,
29,847119104,-5544,15084,2276,8,-32,-209,24575,26880,-6145,17781,-17484,17483,1024,1024,1024,
29,1232995072,-5508,14992,2388,37,-25,-204,26111,27904,-7681,-8076,-29334,17800,1024,1024,1024,
29,1652425472,-5604,15016,2132,50,-24,-213,25599,28416,-5633,-19242,24628,-18907,1024,1024,1024,
29,2055078656,-5500,14860,2308,73,-28,-196,24575,29440,-7681,18017,20933,-20065,1024,1024,1024,
29,2474509056,-5600,14920,2304,36,6,-213,25855,27136,-8449,-12279,-22973,-31165,1024,1024,1024,
29,2893939456,-5636,14960,2360,26,-13,-181,26111,27392,-7169,13358,-856,-18791,1024,1024,1024,
29,3279815424,-5572,14932,2364,64,-19,-198,24831,27648,-5889,7016,29964,-15841,1024,1024,1024,
29,3699245824,-5584,15008,2368,5,-8,-188,24831,27648,-7937,7759,-30435,21437,1024,1024,1024,
29,4101899008,-5584,14904,2292,78,-30,-200,26367,27648,-8449,-11042,23331,4655,1024,1024,1024,
29,226427648,-5596,14992,2212,16,-16,-206,25087,28928,-6657,-31825,-2157,-30353,1024,1024,1024,
29,629080832,-5628,14932,2336,7,-6,-215,25087,26368,-6657,-3108,9149,42,1024,1024,1024,
29,1031734016,-5592,15016,2404,-13,-13,-190,24063,26880,-7681,-4938,-10737,-26114,1024,1024,1024,
29,1451164416,-5612,14964,2280,78,-16,-216,25599,27904,-5633,-27034,-26307,-30799,1024,1024,1024,
29,1853817600,-5548,14988,2456,70,-30,-192,24063,27392,-6657,6018,138,-27022,1024,1024,1024,
29,2273248000,-5580,15120,2288,0,-19,-196,25087,29440,-7681,12116,-235,26608,1024,1024,1024,
29,2675901184,-5556,14984,2212,28,-35,-202,25087,26880,-7169,5004,-1110,31041,1024,1024,1024,
29,3095331584,-5524,15064,2272,6,-25,-206,24319,27648,-7937,-8116,-11070,-17271,1024,1024,1024,
29,3481207552,-5708,14996,2316,-3,-13,-212,24319,26624,-8449,-9493,-21256,26511,1024,1024,1024,
29,3900637952,-5556,14940,2388,37,-11,-212,24063,27904,-7681,-25759,8339,17289,1024,1024,1024,
29,25166592,-5560,15036,2416,17,-15,-207,25087,26368,-7681,6091,20651,23575,1024,1024,1024,
29,427819776,-5596,15016,2220,35,-6,-187,26111,28416,-7169,16198,-15320,14796,1024,1024,1024,
29,847250176,-5644,14972,2204,27,-33,-201,23551,27392,-7681,15108,15560,8017,1024,1024,1024,
29,1233126144,-5612,14968,2248,53,-28,-199,23807,27136,-6913,-18486,-16714,17257,1024,1024,1024,
29,1652556544,-5596,15068,2304,32,-20,-190,24831,29184,-7937,-7111,833,-14767,1024,1024,1024,
29,2055209728,-5632,15152,2372,81,-35,-183,24063,28416,-7681,5134,25728,-12389,1024,1024,1024,
29,2474640128,-5640,15040,2316,39,-31,-228,24831,28160,-6401,31297,5870,-26437,1024,1024,1024,
29,2894070528,-5604,14964,2240,11,-11,-199,25343,26624,-7425,-19818,9087,6679,1024,1024,1024,
29,3279946496,-5588,15000,2256,45,-38,-206,24575,26880,-8705,-25186,1081,-2357,1024,1024,1024,
29,3699376896,-5648,15044,2308,21,-28,-231,25343,27136,-8449,15623,-10571,12145,1024,1024,1024,
29,4102030080,-5488,14992,2168,38,-29,-200,24831,27136,-6401,28838,26502,-6680,1024,1024,1024,
29,226558720,-5608,14980,2200,62,-56,-194,24063,27904,-6145,-28861,32486,-1772,1024,1024,1024,
29,629211904,-5644,14892,2204,25,-10,-184,23807,26112,-7425,16637,27117,-25565,1024,1024,1024,
29,1031865088,-5492,14956,2288,30,-25,-214,23807,26112,-6913,25091,306,11865,1024,1024,1024,
29,1451295488,-5616,15084,2332,3,-23,-197,24063,27392,-6657,-30894,-23425,13989,1024,1024,1024,
29,1853948672,-5624,14940,2184,54,-45,-200,25343,27136,-6401,18700,-31538,-2790,1024,1024,1024,
29,2273379072,-5584,14964,2328,26,-38,-206,24831,26112,-8449,10898,5052,17180,1024,1024,1024,
29,2676032256,-5572,15036,2332,26,-22,-202,25343,26624,-6913,11382,10286,-20900,1024,1024,1024,
29,3095462656,-5580,14960,2240,-4,-41,-180,24575,26880,-6657,17483,-9666,18694,1024,1024,1024,
29,3481338624,-5568,15000,2388,52,-7,-186,25343,27136,-5889,25894,-7145,-13280,1024,1024,1024,
29,3900769024,-5516,14984,2236,29,-23,-199,25855,27136,-6401,-4062,-4154,22203,1024,1024,1024,
29,25297664,-5660,15012,2140,50,23,-229,26111,25856,-6657,-8194,-15423,-13565,1024,1024,1024,
29,427950848,-5652,15036,2136,56,-24,-184,26111,27392,-7169,21869,13845,-12229,1024,1024,1024,
29,847381248,-5548,15076,2192,32,-27,-195,24575,26368,-6657,31601,2389,-6938,1024,1024,1024,
29,1233257216,-5588,14948,2224,48,-11,-226,24831,27136,-7425,-6953,1958,21276,1024,1024,1024,
29,1652687616,-5616,15064,2352,23,-28,-223,25855,28160,-6401,-24865,-10741,1862,1024,1024,1024,
29,2055340800,-5704,15004,2300,-67,-102,-110,24319,28160,-7425,14280,26019,31973,1024,1024,1024,
29,2474771200,-5488,14912,2156,3,52,-237,24575,26880,-6145,29208,19909,2726,1024,1024,1024,
29,2894201600,-5684,14984,2316,-20,-34,-209,25343,27648,-6913,-12465,28185,-31310,1024,1024,1024,
29,3280077568,-5668,14988,2252,66,-25,-223,24319,27136,-6401,32587,-3441,16039,1024,1024,1024,
29,3699507968,-5656,15032,2244,16,-40,-165,25855,26112,-6913,258,27018,-24274,1024,1024,1024,
29,4102161152,-5680,14980,2252,21,-17,-218,26879,27136,-6913,-8403,-23920,-21242,1024,1024,1024,
29,226689792,-5684,14976,2176,0,-26,-194,25855,26112,-7425,-32759,-11199,5241,1024,1024,1024,
29,629342976,-5508,15076,2224,56,-25,-210,24319,27648,-6913,17437,3272,17266,1024,1024,1024,
29,1048773376,-5616,14920,2284,-3,-54,-181,24575,25856,-7681,-23307,-2998,19680,1024,1024,1024,
29,1451426560,-5624,15204,2420,33,4,-204,26111,28928,-6145,-15026,9075,-31031,1024,1024,1024,
29,1854079744,-5624,14928,2220,34,-37,-190,24831,26112,-6401,-29320,24347,9358,1024,1024,1024,
29,2273510144,-5508,14928,2276,22,-16,-203,26111,27392,-7681,-22554,-31937,14491,1024,1024,1024,
29,2676163328,-5536,14960,2360,-39,-39,-207,25599,28416,-7169,31218,20050,14185,1024,1024,1024,
29,3095593728,-5520,15076,2316,48,-27,-216,25343,27136,-6913,-25084,-18625,-22648,1024,1024,1024,
29,3481469696,-5640,15036,2280,62,-30,-188,25087,26368,-7169,28547,-10255,-16991,1024,1024,1024,
29,3900900096,-5580,14892,2252,25,-51,-194,24319,27136,-8449,13467,-2870,-19622,1024,1024,1024,
29,25428736,-5672,15028,2368,55,-29,-214,24319,26112,-7425,30821,-31196,16744,1024,1024,1024,
29,428081920,-5544,15000,2316,30,-45,-180,25599,27392,-6145,24882,27232,6606,1024,1024,1024,
29,847512320,-5568,15116,2348,39,-59,-197,25087,26880,-7681,-10383,27621,-7707,1024,1024,1024,
29,1233388288,-5584,15052,2332,23,-20,-201,25599,28416,-6145,-17668,6929,9753,1024,1024,1024,
29,1652818688,-5600,15028,2232,-17,-8,-226,25855,27136,-6913,-1711,-8262,20958,1024,1024,1024,
29,2055471872,-5660,15052,2120,66,10,-192,25599,27392,-8193,-26078,18508,-21215,1024,1024,1024,
29,2474902272,-5624,14968,2252,27,-37,-199,24831,27648,-6401,26155,-9847,20716,1024,1024,1024,
29,2894332672,-5652,14972,2308,35,-6,-223,24831,28160,-6401,30319,-17407,3445,1024,1024,1024,
29,3280208640,-5488,15032,2260,80,-23,-220,24831,27648,-7937,-23710,-27643,-2649,1024,1024,1024,
29,3699639040,-5664,15056,2248,47,-9,-215,24319,27136,-6401,21621,-28702,-8098,1024,1024,1024,
29,4102292224,-5620,14980,2188,42,-17,-176,23807,26112,-7425,-5663,20181,17118,1024,1024,1024,
29,226820864,-5644,15040,2392,34,-42,-198,27135,27904,-7169,-17680,2868,13055,1024,1024,1024,
29,629474048,-5612,14944,2404,42,-33,-205,25599,27392,-7169,14054,30950,-28564,1024,1024,1024,
29,1048904448,-5600,15000,2220,14,-27,-187,26367,26624,-6401,-21830,12314,11865,1024,1024,1024,
29,1451557632,-5688,15020,2460,23,-16,-199,25087,25856,-6657,732,-6212,7459,1024,1024,1024,
29,1854210816,-5572,14864,2240,44,0,-217,25087,27392,-5633,3898,-10140,10732,1024,1024,1024,
29,2273641216,-5544,15012,2144,39,-35,-230,24575,27392,-7681,30703,17279,31981,1024,1024,1024,
29,2676294400,-5576,14980,2456,62,-5,-199,24831,25600,-5889,959,11343,-18353,1024,1024,1024,
29,3095724800,-5592,15072,2300,22,0,-198,25087,26368,-6145,-3054,-5749,-12689,1024,1024,1024,
29,3481600768,-5644,14972,2408,62,-10,-208,24575,26368,-7681,3102,16254,-21951,1024,1024,1024,
29,3901031168,-5544,15000,2264,11,-1,-215,24575,27392,-7169,9600,-21023,-18103,1024,1024,1024,
29,25559808,-5536,15008,2224,32,-38,-199,25087,26880,-7681,-2471,32580,-25782,1024,1024,1024,
29,428212992,-5572,14896,2192,70,-18,-197,24575,27904,-6657,12405,2049,-23230,1024,1024,1024,
29,847643392,-5688,14968,2188,2,-40,-209,24831,26624,-7937,12160,-17702,-6916,1024,1024,1024,
29,1233519360,-5668,15020,2224,25,-45,-206,24575,27392,-7169,-1645,16917,-17333,1024,1024,1024,
29,1652949760,-5580,15096,2440,11,-6,-193,24831,27648,-6401,-766,-20587,-29940,1024,1024,1024,
29,2055602944,-5612,14976,2212,48,-24,-209,25087,27392,-7169,18400,-32408,-4314,1024,1024,1024,
29,2475033344,-5652,15100,2384,58,2,-192,24319,28160,-6913,-7571,1229,24637,1024,1024,1024,
29,2894463744,-5552,14988,2136,64,-28,-211,26111,26368,-5633,-30862,-10704,-28334,1024,1024,1024,
29,3280339712,-5592,14996,2364,15,-11,-194,25343,27136,-6401,-17379,-16749,-11205,1024,1024,1024,
29,3699770112,-5564,15004,2300,14,-28,-203,24831,26624,-6913,5761,11710,-13404,1024,1024,1024,
29,4102423296,-5544,14952,2248,3,-17,-180,26879,27136,-7425,11779,-2097,-8474,1024,1024,1024,
29,226951936,-5548,15048,2352,12,-30,-205,25855,26624,-7425,-2889,17520,-10778,1024,1024,1024,
29,629605120,-5616,15032,2148,52,-62,-199,25599,26880,-5633,-30670,-25736,31296,1024,1024,1024,
29,1032258304,-5664,15048,2204,40,-18,-199,24831,26624,-6913,22210,9080,19171,1024,1024,1024,
29,1451688704,-5664,14972,2248,45,-24,-196,25599,27392,-7681,-15538,-8752,11887,1024,1024,1024,
29,1854341888,-5524,14956,3048,-88,-120,-1,26367,27136,-7425,16253,-3575,25785,1024,1024,1024,
29,2273772288,-5772,15148,2248,93,114,-247,26111,28416,-8705,1788,-20379,20497,1024,1024,1024,
29,2676425472,-5604,15108,2268,78,-4,-248,24575,27392,-6657,-11088,6896,17277,1024,1024,1024,
29,3095855872,-5584,15052,2212,-52,-28,-253,24575,27392,-6145,-455,4254,12616,1024,1024,1024,
29,3481731840,-5644,14992,2260,-36,-19,-190,24831,28672,-5889,12164,16600,-4369,1024,1024,1024,
29,3901162240,-5568,14892,2100,19,-14,-208,25087,27392,-7681,13425,9348,-29929,1024,1024,1024,
29,25690880,-5588,15088,2228,31,-1,-203,26367,26624,-7425,-20558,31136,18864,1024,1024,1024,
29,428344064,-5644,14992,2568,-40,-94,-178,24319,26624,-7425,31147,7997,-27306,1024,1024,1024,
29,847774464,-5540,15100,2316,11,107,-218,25087,25856,-7681,24010,-19514,12974,1024,1024,1024,
29,1233650432,-5752,15176,2232,77,-4,-234,25343,26624,-5377,28821,-27364,27319,1024,1024,1024,
29,1653080832,-5644,14976,2148,50,3,-201,25087,27904,-7169,-7331,-26738,29767,1024,1024,1024,
29,2055734016,-5488,14876,2320,47,-48,-184,24319,27136,-7425,9264,-31954,21376,1024,1024,1024,
29,2475164416,-5520,15016,2256,13,-8,-193,24831,28672,-7425,13629,31551,13913,1024,1024,1024,
29,2894594816,-5572,14936,2176,49,-8,-203,26879,27648,-7937,-16721,31486,32206,1024,1024,1024,
29,3280470784,-5652,15092,2212,39,-22,-191,25087,26368,-5633,-18344,-18960,19936,1024,1024,1024,
29,3699901184,-5608,15044,2308,-2,-5,-201,25855,26624,-6913,303,21999,-30135,1024,1024,1024,
29,4102554368,-5588,15080,2288,57,16,-228,25599,27392,-6145,-12354,-9910,13014,1024,1024,1024,
29,227083008,-5564,14900,2216,13,-73,-185,26879,27648,-6913,16497,-2836,-4369,1024,1024,1024,
29,629736192,-5640,14932,2304,63,-37,-198,25343,27136,-5889,14120,-8104,25462,1024,1024,1024,
29,1032389376,-5580,15108,2360,33,-84,-202,24831,25600,-6913,-22463,24557,-1472,1024,1024,1024,
29,1451819776,-5696,14768,2356,66,-31,-186,25343,26624,-6401,-18302,-1067,1964,1024,1024,1024,
29,1854472960,-5580,15012,2296,67,-69,-224,25599,27392,-7169,-8176,22777,-32299,1024,1024,1024,
29,2273903360,-5528,15056,2168,110,12,-206,23807,26624,-5889,-6696,-4741,-9347,1024,1024,1024,
29,2676556544,-5608,15020,2176,47,14,-197,26111,26368,-7169,8644,-38,-7520,1024,1024,1024,
29,3095986944,-5532,14964,2336,33,-26,-193,24575,27904,-7681,-21655,-27286,1289,1024,1024,1024,
29,3481862912,-5604,15036,2168,59,-20,-213,24831,26112,-6401,18677,2935,29736,1024,1024,1024,
29,3901293312,-5556,14952,2196,28,-40,-216,25855,27136,-6401,-13042,-2036,-25961,1024,1024,1024,
29,25821952,-5720,15056,2168,28,-34,-180,26111,26880,-6657,-14399,25547,-5409,1024,1024,1024,
29,428475136,-8492,18264,14480,3851,-8636,-773,25087,26880,-6657,32069,7473,10746,1024,1024,1024,
29,847905536,-3008,15136,6032,4129,-5618,-1691,27903,26624,-6913,8251,15711,29881,1024,1024,1024,
29,1233781504,-3444,18252,-3356,13590,-12293,-8341,23807,26624,-5889,-1508,25751,18939,1024,970,1024,
29,1653211904,-3320,17528,-12488,15932,-13107,-5663,24063,24832,-7169,-16426,7473,-16766,1024,1024,1024,
29,2055865088,2936,15944,-2700,913,4482,-4012,23807,26112,-6913,23729,-21504,18691,1024,1011,1024,
29,2475295488,-7076,16320,1940,-2188,-56,-239,23295,25600,-8961,13769,22856,20193,1024,957,1024,
29,2894725888,-6808,14444,2884,3290,-2114,2369,25087,24832,-7681,-6734,-20643,7050,1024,860,1024,
29,3280601856,-4392,15304,2032,-373,-309,3227,24319,25600,-6913,14704,7341,23340,1024,830,1024,
29,3700032256,-4688,15148,1304,-2693,7295,1604,25087,25344,-6657,-4198,7646,-25145,1024,726,1024,
29,4102685440,-7784,14180,-1192,3973,4397,-928,23807,25600,-6913,-404,3973,5527,1024,679,1024,
29,227214080,-6180,16420,1296,2946,2988,-3661,25855,26624,-7425,-26874,11358,1924,1024,643,1024,
29,629867264,-1280,15468,4804,-140,777,-1442,24575,25856,-7681,-26828,-8585,28984,1024,619,1024,
29,1032520448,-4656,11736,628,-1922,-1223,-1287,25087,25856,-8193,26613,21816,9045,1024,656,1024,
29,1451950848,-3876,9816,-640,-3511,-2816,1064,24575,25344,-6657,-5286,4728,-21195,1024,703,1024,
29,1854604032,-3940,9376,-1620,-2443,-6527,5798,25087,25344,-6145,-28066,-2466,17280,1024,743,1024,
29,2274034432,6528,6108,-2924,4946,-969,-4431,25087,24320,-7169,19731,-5192,10013,1024,755,1024,
29,2676687616,-4092,16056,2268,-288,-350,1079,24831,26112,-7425,6631,-16961,28613,1024,772,1024,
29,3096118016,-5896,14624,1452,143,-1787,620,23807,26624,-6401,15215,-21456,-23452,1024,803,1024,
29,3481993984,-6164,15032,2252,-365,-1514,44,24319,26112,-7425,-20646,-7858,-7055,1024,800,1024,
29,3901424384,-5548,15108,2560,766,-1480,-326,24319,25600,-7937,-11108,29519,8056,1024,812,1024,
29,25953024,-5480,15204,748,1826,-1759,-1280,23551,25856,-7169,-19436,-21096,31575,1024,831,1024,
29,428606208,-5824,15112,1836,620,-2123,-897,25343,26624,-6401,-5124,4953,-5156,1024,861,1024,
29,848036608,-6320,15044,2332,279,-786,-387,25599,24832,-7169,-8960,-12613,-32162,1024,877,1024,
29,1233912576,-5808,14984,2160,359,-715,-410,25343,25600,-6913,29467,-18337,3761,1024,940,1024,
29,1653342976,-4132,15980,-432,317,-1335,-353,24831,25088,-6401,-15506,199,15259,1024,1024,1024,
29,2055996160,-5684,14960,80,-1065,553,-419,26367,24576,-6913,32660,6072,-4859,1024,1024,1024,
29,2475426560,-7212,14124,3396,-1286,1393,761,25599,24320,-5633,6480,-31935,12479,1024,1024,1024,
29,2894856960,-4752,14652,5936,-1541,4331,80,25343,24064,-6401,543,27753,-18811,1024,1024,1024,
29,3280732928,-4672,14980,2044,-273,1802,-282,25855,26112,-7425,30924,25195,-23738,1024,1024,1024,
29,3700163328,-6176,15836,1096,-82,1084,346,24319,25600,-6401,-7898,-21417,10849,1024,1024,1024,
29,4102816512,-5668,15284,1508,-1105,2517,52,24063,25856,-8193,-31190,-17069,-19228,1024,1024,1024,
29,227345152,-6328,14260,2784,-484,678,-918,25855,25600,-7425,3430,-13273,12969,1024,1024,1024,
29,629998336,-6056,14920,2808,149,-89,-240,24575,25856,-6145,-20883,1938,15524,1024,1024,1024,
29,1049428736,-5884,14704,2352,226,-75,-8,25599,25344,-7681,-1999,3306,-31370,1024,1024,1024,
29,1452081920,-5952,14692,2720,-206,230,-456,25599,24832,-6145,-24522,-13127,13123,1024,1024,1024,
29,1854735104,-6112,13640,832,-381,-828,-266,25599,26880,-7169,15146,29926,-5475,1024,930,1024,
29,2274165504,-6980,15376,1500,-504,-1456,409,23807,26112,-6401,5735,-1624,10129,1024,913,1024,
29,2676818688,-5880,14936,2260,372,-31,-343,26111,25856,-6145,22436,5312,31339,1024,895,1024,
29,3096249088,-5712,15092,2240,-454,499,-218,24575,26368,-7681,-8076,-1866,6006,1024,900,1024,
29,3482125056,-6196,14520,3300,-421,1462,-99,25855,26112,-6401,2398,9436,8364,1024,840,1024,
29,3901555456,-5916,15036,3364,1331,1321,348,24575,26368,-6145,-15096,13592,31765,1024,794,1024,
29,26084096,-5308,15200,2212,458,1830,370,23551,26880,-6657,9363,-2113,19496,1024,744,1024,
29,428737280,-6124,14656,1256,-1277,-25,-344,25599,25856,-7681,-27888,-24771,31434,1024,679,1024,
29,848167680,-5488,15760,2604,-2024,-513,-1818,25087,25344,-7169,12319,4268,-14962,1024,656,1024,
29,1234043648,-6052,15312,3204,-99,-287,-612,25087,27392,-6657,-27981,-19551,-23182,1024,622,1024,
29,1653474048,-6232,15340,1192,286,531,358,25087,26368,-7169,29421,28414,-21274,1024,609,1024,
29,2056127232,-5636,14948,2940,761,1594,1124,24575,26368,-8193,-12184,-31155,18467,1024,614,1024,
29,2475557632,-6484,14416,1196,682,-178,-328,24319,26624,-7425,-21013,12777,31410,1024,620,1024,
29,2894988032,-4180,14144,1536,-774,-145,-628,24319,27648,-5889,-31310,32179,-12505,1024,615,1024,
29,3280864000,-5276,15356,2860,-324,-749,-199,24319,26624,-6913,-22236,-23084,-26481,1024,626,1024,
29,3700294400,-5488,15064,2444,-115,-711,-599,24831,25088,-7937,-3436,-3422,-26337,1024,671,1024,
29,4102947584,-6052,14712,1584,-989,-479,-734,25855,25600,-7425,-13397,29617,16594,1024,725,1024,
29,227476224,-5680,15168,2744,51,339,-394,24831,25600,-7425,-7586,-17489,3133,1024,770,1024,
29,630129408,-6664,15680,2052,-115,164,313,25599,25856,-7169,15383,17554,3599,1024,918,1024,
29,1032782592,-5852,15300,1248,-379,933,542,25855,25088,-6401,-21208,17273,30505,1024,1024,1024,
29,1452212992,-6104,15072,492,-1308,3902,-506,23807,26112,-8449,27289,14740,-10447,1024,1024,1024,
29,1854866176,-4740,15084,3068,1816,861,-1935,25599,25856,-6657,31494,-30796,-10431,1024,1024,1024,
29,2274296576,-5124,15312,1312,-710,37,-455,26111,25344,-8193,-28636,18600,24802,1024,1024,1024,
29,2676949760,-5144,14864,2656,253,-33,-296,25343,24576,-7425,27481,29951,25379,1024,1024,1024,
29,3096380160,-5452,14808,2496,115,-621,266,25343,26624,-6401,-8319,-21130,19030,1024,1024,1024,
29,3482256128,-5780,14832,2152,-5,-531,207,25855,26112,-6913,8546,-3833,-17585,1024,1024,1024,
29,3901686528,-5856,14976,2304,-55,-290,2,25855,26112,-6401,-11118,22504,298,1024,1024,1024,
29,26215168,-5760,15032,2284,-1,-112,-110,25343,25600,-6401,-23806,218,-24840,1024,1024,1024,
29,428868352,-5820,14936,2288,-6,-23,-182,25087,26368,-7169,-11942,-31460,-2880,1024,1024,1024,
29,848298752,-5716,15008,2488,60,-2,-244,25087,26368,-6145,-26353,-13787,28865,1024,1024,1024,
29,1234174720,-5760,14912,2216,3,-8,-222,25087,26880,-6145,26360,28722,14704,1024,1024,1024,
29,1653605120,-5720,15000,2316,22,-4,-208,25343,25600,-6401,8612,20105,21360,1024,1024,1024,
29,2056258304,-5708,14984,2448,55,-28,-199,25855,26112,-6401,-22826,-12221,-27872,1024,1024,1024,
29,2475688704,-5656,14892,2360,30,-5,-193,24831,26112,-6913,8990,20388,-7443,1024,1024,1024,
29,2895119104,-5732,14944,2372,36,-41,-197,26623,26880,-5633,22433,-9994,13395,1024,1024,1024,
29,3280995072,-5580,14892,2372,79,-25,-198,24575,25344,-6657,74,7337,25167,1024,1024,1024,
29,3700425472,-5724,14908,2204,4,-28,-217,25343,26624,-6401,-4589,-16633,32469,1024,1024,1024,
29,4103078656,-5720,14904,2360,27,-57,-195,24319,27648,-7425,-21225,20424,-26084,1024,1024,1024,
29,227607296,-5664,15016,2176,35,-9,-225,25343,26112,-6401,-14080,-16528,-5065,1024,1024,1024,
29,630260480,-5784,14776,2072,18,-103,-147,25087,24320,-6657,-18197,25054,32124,1024,1024,1024,
29,1032913664,-5652,15048,2364,23,-24,-223,24831,25600,-5889,-22781,18547,18511,1024,1024,1024,
29,1452344064,-5668,14924,2352,-11,-49,-210,25855,26624,-6401,29335,24175,-29918,1024,1024,1024,
29,1854997248,-5692,15100,2304,51,-30,-186,25087,26368,-7681,32581,-6340,12774,1024,1024,1024,
29,2274427648,-5772,14892,2328,30,-29,-219,25599,26368,-7169,8441,-32236,-389,1024,1024,1024,
29,2677080832,-5712,14988,2312,19,-64,-192,25599,26368,-6145,31937,9448,-20878,1024,1024,1024,
29,3079734016,-5692,15028,2340,32,-60,-183,27391,26112,-6913,21499,15537,-11383,1024,1024,1024,
29,3482387200,-5604,14976,2356,-1,-57,-179,25087,26368,-7169,-5036,-19656,-16128,1024,1024,1024,
29,3901817600,-5684,15168,2392,43,6,-233,25343,26624,-6913,-295,31775,9008,1024,1024,1024,
29,26346240,-5652,14912,2220,61,-39,-181,25087,26880,-6145,21125,28697,-18513,1024,1024,1024,
29,428999424,-5684,14940,2168,-11,-29,-184,24575,26368,-7169,-9747,2012,12383,1024,1024,1024,
29,848429824,-5656,14944,2160,18,-32,-196,25087,26368,-6145,-6227,-19130,5681,1024,1024,1024,
29,1234305792,-5668,14916,2192,46,-10,-208,26623,26368,-6145,-22685,-5197,-10266,1024,1024,1024,
29,1653736192,-5716,14928,2320,35,-28,-174,24575,25856,-7681,29365,-30347,29734,1024,1024,1024,
29,2056389376,-5768,15236,2412,68,-7,-211,25599,25856,-6657,-21018,109,5497,1024,1024,1024,
29,2475819776,-5652,14828,2200,12,-17,-206,24319,25600,-7425,32096,-2701,29922,1024,1024,1024,
29,2895250176,-5784,14964,2096,14,-45,-212,24831,26624,-6913,26618,9012,-6856,1024,1024,1024,
29,3281126144,-5720,14948,2308,4,-52,-196,25087,26368,-6657,-4828,31798,5086,1024,1024,1024,
29,3700556544,-5676,14976,2356,50,-24,-186,25599,25856,-6657,-27342,-26988,29955,1024,1024,1024,
29,4103209728,-5644,14880,2192,-6,-48,-186,24831,25088,-6913,29825,-31430,14637,1024,1024,1024,
29,227738368,-5672,14916,2280,64,-23,-199,23551,26368,-6145,31000,-4912,-3155,1024,1024,1024,
29,630391552,-5720,14924,2380,29,-33,-218,25599,26880,-6145,-29743,-12374,14699,1024,1024,1024,
29,1033044736,-5632,14992,2256,-4,-35,-205,25599,25856,-6657,28702,2864,-20149,1024,1024,1024,
29,1452475136,-5728,14992,2344,23,-9,-202,25855,27136,-5377,23839,-8447,24831,1024,1024,1024,
29,1855128320,-5708,14904,2188,21,-9,-211,25343,26624,-6913,-14409,25624,9034,1024,1024,1024,
29,2274558720,-5632,15012,2412,6,-35,-193,25855,27136,-6913,-29146,27784,-23454,1024,1024,1024,
29,2677211904,-5672,14964,2380,35,-44,-188,25599,25856,-7681,11797,-20084,32280,1024,1024,1024,
29,3096642304,-5592,14956,2432,67,-20,-195,25087,23808,-7681,-20798,22350,6238,1024,1024,1024,
29,3482518272,-5724,14976,2356,32,-29,-209,25087,26368,-6657,28300,356,-2818,1024,1024,1024,
29,3901948672,-5768,14976,2300,19,-39,-217,25343,27136,-6913,-1910,-6223,12872,1024,1024,1024,
29,26477312,-5628,15040,2400,60,-22,-218,25599,26880,-5633,20323,-16414,14287,1024,1024,1024,
29,429130496,-5632,15016,2168,18,-40,-190,25087,26880,-6657,-18162,21829,24780,1024,1024,1024,
29,848560896,-5784,15000,2256,16,-41,-182,25343,25600,-6401,-21691,26785,29835,1024,1024,1024,
29,1234436864,-5728,14956,2416,47,-19,-215,24575,26880,-7681,7191,26780,-26630,1024,1024,1024,
29,1653867264,-5644,14896,2372,2,-28,-190,24575,27392,-7169,16860,-26548,13607,1024,1024,1024,
29,2056520448,-5664,14872,2348,29,-39,-224,24831,26624,-6401,-12402,-28771,6357,1024,1024,1024,
29,2475950848,-5632,15016,2376,47,-26,-195,25087,26880,-7169,-1166,-24305,28382,1024,1024,1024,
29,2895381248,-5712,14972,2336,12,-37,-223,25599,24832,-7681,1083,26613,21070,1024,1024,1024,
29,3281257216,-5692,14968,2288,31,-8,-202,25343,25600,-5889,-12038,-7117,30508,1024,1024,1024,
29,3700687616,-5620,14940,2300,32,-66,-204,24575,26368,-6145,17474,-26502,-30410,1024,1024,1024,
29,4103340800,-5704,14992,2244,31,-41,-212,24575,25856,-6145,-9506,17331,-5901,1024,1024,1024,
29,227869440,-5736,14952,2324,28,-13,-185,25599,26368,-7169,22873,-25554,6691,1024,1024,1024,
29,630522624,-5556,14900,2300,50,-50,-207,23807,26112,-7425,-22841,-1821,-18109,1024,1024,1024,
29,1033175808,-5728,14952,2368,42,-11,-193,25343,26624,-7937,-2925,31978,13240,1024,1024,1024,
29,1452606208,-5696,15008,2344,41,-40,-174,24831,27648,-5889,-21606,6367,2590,1024,1024,1024,
29,1855259392,-5752,14976,2232,-10,-28,-169,25343,26112,-6913,29910,-7632,-4695,1024,1024,1024,
29,2274689792,-5824,14968,2316,7,3,-193,25087,24832,-7169,-28580,10412,29520,1024,1024,1024,
29,2677342976,-5676,15040,2464,9,19,-195,25343,26112,-5889,22954,31559,-16653,1024,1024,1024,
29,3096773376,-5708,14980,2184,61,-38,-200,24575,26368,-6657,25702,-18890,11997,1024,1024,1024,
29,3482649344,-5620,14932,2292,20,-17,-184,25599,26368,-6657,27937,-10046,-11125,1024,1024,1024,
29,3902079744,-5684,14940,2324,-18,-17,-196,26367,25600,-6913,2214,-30508,-19165,1024,1024,1024,
29,26608384,-5820,14940,2248,26,-22,-217,24575,26368,-5633,-25703,31423,-6347,1024,1024,1024,
29,429261568,-5684,14992,2240,1,-31,-205,24831,26624,-6913,-4302,24544,-19538,1024,1024,1024,
29,848691968,-5740,14860,2296,42,-16,-202,25087,25856,-6657,-32750,10836,14929,1024,1024,1024,
29,1234567936,-5604,15020,2336,46,-12,-210,24831,26624,-8449,-8035,841,-12298,1024,1024,1024,
29,1653998336,-5788,15020,2328,22,-11,-195,25599,25856,-6657,-11624,-21491,12362,1024,1024,1024,
29,2056651520,-5744,14912,2196,32,-29,-189,25087,26368,-7681,1434,27053,-22518,1024,1024,1024,
29,2476081920,-5700,15008,2400,31,-11,-202,24575,26880,-6145,-16075,5933,-18897,1024,1024,1024,
29,2895512320,-5736,15016,2288,19,-32,-206,25343,25600,-7937,26760,-31271,1116,1024,1024,1024,
29,3281388288,-5652,14884,2256,8,-56,-204,26111,26368,-6145,-3252,-23807,12616,1024,1024,1024,
29,3700818688,-5696,14844,2376,3,-5,-217,26623,25856,-6145,15024,13632,-20407,1024,1024,1024,
29,4103471872,-5576,14948,2132,22,-50,-174,25855,26624,-6401,9043,23118,30129,1024,1024,1024,
29,228000512,-5692,14952,2288,51,-32,-231,24831,26112,-5889,-32303,-11484,2923,1024,1024,1024,
29,630653696,-5808,15012,2328,32,-32,-223,25087,25856,-7169,-11609,-30827,-9894,1024,1024,1024,
29,1033306880,-5780,14876,2212,22,-30,-198,24575,26368,-7169,21570,31216,-13104,1024,1024,1024,
29,1452737280,-5592,15004,2316,38,-41,-194,25855,26624,-5889,-29618,26962,-10358,1024,1024,1024,
29,1855390464,-5644,15032,2236,35,-33,-193,25087,25856,-6657,20565,-12824,23331,1024,1024,1024,
29,2274820864,-5816,14980,2244,41,-49,-208,25087,26880,-6657,5636,-23188,28840,1024,1024,1024,
29,2677474048,-5792,15012,2292,5,-16,-185,25087,25856,-7169,28478,-23835,559,1024,1024,1024,
29,3080127232,-5672,14972,2168,65,-18,-212,24319,25600,-6913,32570,-26682,21639,1024,1024,1024,
29,3482780416,-5680,14932,2388,37,-38,-208,24831,27136,-7425,11078,14874,15866,1024,1024,1024,
29,3902210816,-5664,14984,2272,6,-34,-211,26111,27392,-7169,10928,14960,-14797,1024,1024,1024,
29,26739456,-5844,14984,2184,6,-42,-183,24575,26880,-6657,-6282,-26630,14617,1024,1024,1024,
29,429392640,-5792,15056,2252,52,-39,-198,25087,25344,-6657,-7854,-3568,8764,1024,1024,1024,
29,848823040,-5624,14996,2332,22,-13,-199,25087,26880,-6657,-15083,-26969,-15984,1024,1024,1024,
29,1234699008,-5748,14980,2220,32,-14,-194,24831,25600,-6913,-3033,-8526,-25920,1024,1024,1024,
29,1654129408,-5764,14920,2328,70,-3,-203,25855,24576,-7425,23036,27113,318,1024,1024,1024,
29,2056782592,-5668,14944,2336,24,-18,-203,24831,27648,-7425,-19165,11652,-7360,1024,1024,1024,
29,2476212992,-5740,14956,2352,38,-6,-209,25087,26880,-5121,10443,-8401,11685,1024,1024,1024,
29,2895643392,-5764,14976,2216,26,-15,-211,26111,26368,-6657,30366,15977,-26742,1024,1024,1024,
29,3281519360,-5768,14924,2384,23,-53,-208,24319,26112,-6913,-31771,19877,-8935,1024,1024,1024,
29,3700949760,-5700,14968,2236,25,-22,-214,24831,25600,-6401,-18830,4011,24100,1024,1024,1024,
29,4103602944,-5728,15192,2228,40,-62,-189,24831,25088,-6913,-11615,25923,22106,1024,1024,1024,
29,228131584,-5776,14904,2300,46,-30,-212,25599,24320,-6145,336,-10972,25826,1024,1024,1024,
29,630784768,-5668,15000,2292,66,-48,-196,24575,25856,-7169,-166,-28830,-30445,1024,1024,1024,
29,1033437952,-5732,15044,2244,60,-16,-227,26623,27904,-5633,-8138,-23333,-18071,1024,1024,1024,
29,1452868352,-5732,15000,2340,14,-24,-219,25343,26624,-7425,11830,-29262,-19775,1024,1024,1024,
29,1855521536,-5732,14996,2300,17,-15,-217,24575,26368,-7169,18788,6051,4648,1024,1024,1024,
29,2274951936,-5628,14980,2352,29,-18,-210,25087,26368,-7681,13637,391,-1763,1024,1024,1024,
29,2677605120,-5724,14996,2280,57,-5,-188,25855,27136,-7937,-25729,-11410,31902,1024,1024,1024,
29,3097035520,-5616,14880,2336,31,-15,-193,25087,26880,-7169,-20192,15436,24156,1024,1024,1024,
29,3482911488,-5680,15048,2360,23,-33,-197,25343,26112,-6401,15632,-22193,-29535,1024,1024,1024,
